"tp","tn","fp","fn","precision","recall"
4,2,38,96,0.0952380952380952,0.04
1,2,38,99,0.0256410256410256,0.01
0,2,38,100,0,0
0,2,38,100,0,0
0,2,38,100,0,0
